company,year,list_date,listing_gain_close_pct,issue_size_cr,sub_day1_x,sub_day2_x,sub_day3_x,total_sub_x,sub_qib_x,sub_hni_x,sub_retail_x,sub_overall_x,gmp_day1_pct,gmp_day2_pct,gmp_day3_pct,gmp_day4_pct,gmp_day5_pct,nifty_ret_5d,nifty_ret_1m,nifty_drawdown,gmp_trend,sub_momentum,qib_vs_retail
Abans HoldingsIPO,2022,2022-12-23,-4.44,360.11,1.16,4.93,80.8,80.8,117.33,151.18,29.77,80.8,6.3,6.3,4.44,5.56,1.85,-2.5299687996058973,-2.520631184223132,-5.345913621262466,-4.449999999999999,3.9126984126984126,3.9280214261801136
Adani WilmarIPO,2022,2022-02-08,16.63,410.05,13.32,34.85,182.44,182.44,331.6,267.94,63.77,182.44,21.74,26.09,21.74,19.57,15.22,-1.7642524115526914,-2.70006029561759,-5.687919554732601,-6.519999999999998,2.5968703427719824,5.191795835290434
Aether IndustriesIPO,2022,2022-06-03,20.62,144.89,8.53,29.46,148.75,148.75,87.21,237.39,200.39,148.75,1.56,0.78,0.78,1.56,0.0,1.417830355695937,-0.5594330119441548,-9.4155046127124,-1.56,3.4136732329084594,0.4349842884931917
AGS Transact TechnologiesIPO,2022,2022-01-31,-12.0,260.15,17.71,54.55,227.51,227.51,242.4,501.63,101.52,227.51,11.43,11.43,17.14,11.43,11.43,-1.5740343926231137,0.7542929194718218,-5.288642731905546,0.0,3.062886019090398,2.3853572131470187
Archean Chemical IndustriesIPO,2022,2022-11-21,21.13,12500.0,0.35,1.11,16.69,16.69,55.47,9.99,1.41,16.69,14.74,14.74,14.74,17.2,18.43,-0.9231197300474947,3.8485842299543327,-1.3563538687590526,3.6899999999999995,2.4666666666666672,36.735099337748345
Bikaji Foods InternationalIPO,2022,2022-11-16,8.67,1590.0,0.09,0.35,2.26,2.26,3.12,1.31,1.29,2.26,25.0,25.0,23.33,13.33,10.0,1.3914743625048187,8.200724682400473,0.0,-15.0,1.8421052631578947,2.2446043165467624
Campus ActivewearIPO,2022,2022-05-09,22.6,3027.26,0.07,0.42,1.55,1.55,4.64,0.39,0.41,1.55,23.29,23.29,23.29,23.29,23.29,-4.681757983458601,-9.702050583269639,-10.958264374784921,0.0,2.4705882352941173,9.098039215686274
DCX SystemsIPO,2022,2022-11-11,35.75,119.0,6.97,12.94,86.03,86.03,99.76,143.14,53.71,86.03,31.4,31.4,31.4,33.82,33.82,1.6451832689846846,6.430601473232422,0.0,2.4200000000000017,1.8302687411598304,1.8539304961902991
DelhiveryIPO,2022,2022-05-24,10.11,858.7,0.62,0.83,1.29,1.29,1.03,1.45,1.82,1.29,4.11,2.05,1.03,1.03,1.03,-0.8250662697656064,-7.2872945965525515,-11.923410949251966,-3.08,1.1527777777777777,0.5364583333333333
Dharmaj Crop GuardIPO,2022,2022-12-08,13.92,3395.0,0.73,3.29,63.86,63.86,182.65,42.35,5.64,63.86,16.88,29.54,29.54,25.32,21.1,-1.079867109634558,2.2334476014679083,-1.079867109634558,4.220000000000002,3.9638554216867474,31.820557491289204
DreamFolks ServicesIPO,2022,2022-09-06,41.98,220.0,2.06,8.11,53.78,53.78,69.51,113.02,19.39,53.78,18.4,19.94,21.47,23.01,23.01,1.9794488502792529,1.788076988489773,-3.5639962639487432,4.610000000000003,3.7546296296296293,3.5664443304258593
Electronics Mart IndiaIPO,2022,2022-10-17,45.76,1387.34,0.42,1.65,34.42,34.42,88.08,36.7,3.6,34.42,50.85,50.85,59.32,59.32,59.32,0.4106490342787428,-3.8433659654238728,-5.441853605781044,8.469999999999999,3.173076923076923,23.805405405405402
Elin ElectronicsIPO,2022,2022-12-30,-10.93,1300.0,2.05,6.88,100.69,100.69,133.21,72.0,50.87,100.69,20.24,20.24,18.22,18.22,2.02,1.6763258979715534,-3.4813829574562805,-3.7592026578073146,-18.22,3.2,2.6134981361585248
eMudhraIPO,2022,2022-06-01,0.74,2980.76,0.16,0.28,1.43,1.43,1.7,0.66,1.77,1.43,0.0,0.0,0.0,0.0,0.0,3.1009372387025946,-3.3901377279996203,-9.751694605120132,0.0,1.076923076923077,0.9090909090909091
Five-Star Business FinanceIPO,2022,2022-11-21,-4.01,200.0,0.39,0.94,25.98,25.98,33.26,48.39,14.77,25.98,0.0,0.0,0.0,0.0,0.0,-0.9231197300474947,3.8485842299543327,-1.3563538687590526,0.0,1.9183673469387754,2.2367182246133153
Fusion Micro FinanceIPO,2022,2022-11-15,-5.43,852.53,0.08,0.31,22.19,22.19,64.23,15.21,2.14,22.19,9.51,9.51,9.51,9.51,2.72,1.1020282593886765,7.473895676142894,0.0,-6.789999999999999,1.7222222222222223,28.674107142857142
Global Health (Medanta)IPO,2022,2022-11-16,16.96,540.0,0.43,1.76,28.46,28.46,62.32,31.82,7.98,28.46,5.95,7.44,8.33,5.95,5.36,1.3914743625048187,8.200724682400473,0.0,-0.5899999999999999,3.320754716981132,7.712871287128713
HariOm Pipe IndustriesIPO,2022,2022-04-13,50.98,220.5,17.29,50.63,221.68,221.68,236.94,507.27,90.56,221.68,29.41,29.41,29.41,29.41,29.41,-1.8643672803542288,5.0822437155939815,-4.546894543945013,0.0,2.911443358251869,2.613500992720053
Harsha Engineers InternationalIPO,2022,2022-09-26,47.42,3500.0,0.06,0.17,4.5,4.5,7.46,1.02,0.83,4.5,60.61,60.61,60.61,63.64,68.18,-3.4385506958532597,-3.3436618678269525,-7.055893293132542,7.570000000000007,1.0625,8.021505376344086
Inox Green Energy ServicesIPO,2022,2022-11-23,-8.85,2000.0,0.1,0.25,2.88,2.88,7.7,1.58,0.69,2.88,10.77,10.77,10.77,10.77,7.69,-0.7735073724921548,4.004224562242542,-0.7735073724921548,-3.079999999999999,1.25,9.746835443037975
Kaynes Technology IndiaIPO,2022,2022-11-22,16.73,860.0,0.62,2.75,59.82,59.82,134.35,76.15,10.24,59.82,3.41,3.41,3.41,8.52,15.33,-0.8650575437147534,4.17964567659781,-0.8987134464805147,11.92,3.8194444444444446,12.993230174081237
Keystone Realtors (Rustomjee)IPO,2022,2022-11-24,1.11,582.56,0.5,1.15,13.45,13.45,24.41,22.78,3.53,13.45,0.0,0.0,0.92,0.92,0.92,0.7642867656277863,5.16490956572202,0.0,0.92,1.9166666666666665,6.7245179063360885
KFin TechnologiesIPO,2022,2022-12-29,1.37,254.26,0.37,0.88,1.85,1.85,1.3,1.83,2.19,1.85,0.0,0.0,0.0,1.37,1.37,0.35112688837586337,-2.293741825808826,-3.303654485049834,1.37,1.872340425531915,0.5676855895196506
Landmark CarsIPO,2022,2022-12-23,-3.95,759.6,0.69,1.31,4.48,4.48,5.42,1.92,6.4,4.48,8.89,8.89,6.92,6.32,3.95,-2.5299687996058973,-2.520631184223132,-5.345913621262466,-4.94,1.658227848101266,0.8338461538461538
Life Insurance Corp.of India,2022,2022-05-17,-7.77,1269.35,0.28,0.49,6.43,6.43,14.41,6.46,1.9,6.43,7.38,7.38,8.43,6.32,1.05,0.1185341178136845,-7.250303759775933,-11.190675165637066,-6.33,1.2894736842105263,7.205
Paradeep PhosphatesIPO,2022,2022-05-27,3.69,2150.0,0.67,2.89,41.3,41.3,108.35,38.33,4.26,41.3,0.0,0.0,0.0,0.0,0.0,0.5305496383594122,-4.932038044742093,-10.681883974852646,0.0,3.7532467532467533,24.850917431192663
Prudent Corporate AdvisoryIPO,2022,2022-05-20,-10.83,8750.0,0.03,0.15,2.66,2.66,9.09,0.2,0.11,2.66,4.76,4.76,4.76,3.17,3.17,3.066755796897125,-4.08346183216236,-11.153260032444646,-1.5899999999999999,1.1538461538461537,43.28571428571428
Rainbow Children's MedicareIPO,2022,2022-05-10,-4.98,500.0,3.82,9.09,174.71,174.71,317.63,263.11,55.84,174.71,7.38,9.23,9.23,8.3,9.23,-4.857022338611872,-9.563466871596127,-11.2958198830026,1.8500000000000005,2.318877551020408,5.6780479084733635
Sula VineyardsIPO,2022,2022-12-22,1.4,700.0,0.87,2.54,12.33,12.33,14.35,8.24,12.55,12.33,9.8,9.8,9.8,7.0,7.0,-1.5615072577098044,-0.6404775216233172,-3.641993355481732,-2.8000000000000007,2.618556701030928,1.134387351778656
Syrma SGS TechnologyIPO,2022,2022-08-26,41.82,168.0,3.55,12.36,97.19,97.19,104.49,222.13,39.48,97.19,9.09,9.09,9.09,13.64,15.91,-1.1236904121699753,5.579339787144488,-4.092177779234307,6.82,3.3863013698630136,2.6399696816574028
Tamilnad Mercantile BankIPO,2022,2022-09-15,-3.33,2800.0,0.26,0.33,2.09,2.09,3.3,0.56,0.77,2.09,4.9,4.9,4.9,3.92,2.94,0.44188496383172904,1.0128177238863945,-2.3525106373681437,-1.9600000000000004,0.9166666666666667,3.793103448275862
Tracxn TechnologiesIPO,2022,2022-10-20,18.75,499.6,0.24,1.59,2.65,2.65,1.42,3.14,5.58,2.65,0.0,0.0,0.0,0.0,0.0,3.230214495411232,-0.33083176098397393,-4.064594359873485,0.0,4.676470588235294,0.25
Uma ExportsIPO,2022,2022-04-07,17.35,698.06,5.3,16.03,113.97,113.97,110.38,147.51,74.41,113.97,0.0,0.0,0.0,0.0,0.0,1.0008731874203702,11.198280291114937,-3.651662378947018,0.0,2.9685185185185192,1.4814118910213396
Uniparts IndiaIPO,2022,2022-12-12,-4.68,460.44,8.99,26.93,146.9,146.9,266.21,226.45,45.31,146.9,24.26,20.8,17.33,13.86,10.4,-1.0903131107611541,2.6012025604331024,-1.676279069767439,-13.860000000000001,2.9625962596259625,5.862365117815458
Vedant Fashions (Manyavar)IPO,2022,2022-02-16,8.9,290.0,15.86,48.99,185.8,185.8,132.54,254.16,243.03,185.8,4.62,4.62,5.77,4.62,1.73,-0.8108200964280332,-5.1137312901414544,-5.385048148087446,-2.89,3.0695488721804516,0.5451404598363015
Venus Pipes & TubesIPO,2022,2022-05-24,8.7,1600.0,0.71,1.28,9.8,9.8,9.08,13.85,5.87,9.8,6.13,10.74,10.74,10.74,9.2,-0.8250662697656064,-7.2872945965525515,-11.923410949251966,3.0699999999999994,1.580246913580247,1.5209380234505863
Veranda Learning SolutionsIPO,2022,2022-04-11,-4.2,199.45,7.08,32.12,188.38,188.38,172.93,422.42,96.9,188.38,10.95,10.95,10.95,7.3,10.95,-2.096281032935632,8.134423551652304,-3.4583053402592157,0.0,4.4735376044568245,1.7827835051546392
Aeroflex IndustriesIPO,2023,2023-08-31,51.48,351.0,6.72,21.1,96.99,96.99,194.73,126.08,34.2,96.99,55.56,60.19,57.41,50.93,50.93,-0.685521517328902,-2.531158561896951,-3.6305348325629594,-4.630000000000003,3.0938416422287394,5.677259475218658
ASK AutomotiveIPO,2023,2023-11-15,9.96,833.91,0.38,1.35,51.13,51.13,142.41,35.47,5.69,51.13,12.41,12.41,12.41,14.18,16.67,1.1929436572633456,-0.382764460623608,-2.559880350726873,4.260000000000002,2.8125000000000004,24.59585492227979
Avalon TechnologiesIPO,2023,2023-04-18,-8.72,865.0,0.03,0.09,2.21,2.21,3.57,0.41,0.84,2.21,5.73,5.73,5.73,5.73,5.73,0.20483373571908992,2.948823327095851,-6.125448504983377,0.0,0.6923076923076923,3.797872340425532
Azad EngineeringIPO,2023,2023-12-28,29.29,740.0,3.31,11.11,80.59,80.59,179.66,87.54,23.69,80.59,76.34,82.06,85.88,78.24,70.61,2.9718465353673507,10.022884913638496,0.0,-5.730000000000004,3.258064516129032,7.55191256830601
Blue Jet HealthcareIPO,2023,2023-11-01,19.48,840.27,0.69,1.32,7.94,7.94,13.72,13.59,2.22,7.94,27.46,27.46,20.23,13.01,7.23,-0.6955284839832321,-2.737207116533613,-5.9586922770256905,-20.23,1.6708860759493673,5.913793103448276
Cello WorldIPO,2023,2023-11-06,22.18,1900.0,0.38,1.44,38.9,38.9,108.57,24.42,3.06,38.9,15.43,15.43,18.52,20.06,20.06,1.41503273095831,-0.12528233544795153,-3.8658204716142452,4.629999999999999,3.0,34.35759493670886
Concord BiotechIPO,2023,2023-08-18,27.23,1550.52,0.58,2.72,24.86,24.86,67.67,16.99,3.78,24.86,29.69,22.94,22.94,24.29,21.59,-1.1919808014081545,-2.2233755712242176,-3.3484908016607307,-8.100000000000001,4.000000000000001,17.440721649484537
Credo Brands Marketing (MUFTI)IPO,2023,2023-12-27,11.5,549.78,2.09,6.95,51.67,51.67,104.95,55.41,19.62,51.67,42.86,39.29,43.57,46.43,46.43,0.9399573954347096,9.356378143621846,0.0,3.5700000000000003,3.17351598173516,5.322008113590263
Cyient DLMIPO,2023,2023-07-10,58.77,592.0,2.65,7.95,67.31,67.31,90.44,45.05,49.22,67.31,37.74,39.62,37.74,35.85,39.62,0.17259626705585784,3.361564422419683,-0.7252286213988546,1.8799999999999955,2.890909090909091,1.8337388483373884
Divgi TorqTransfer SystemsIPO,2023,2023-03-14,2.58,412.12,0.12,0.38,5.44,5.44,7.83,1.4,4.31,5.44,8.47,8.47,8.47,8.47,8.47,-3.7724184073015032,-4.751179901025249,-9.404385382059811,0.0,1.7272727272727273,1.775510204081633
DOMS IndustriesIPO,2023,2023-12-20,67.85,1200.0,5.72,15.2,93.4,93.4,115.97,66.47,69.1,93.4,58.23,54.43,58.23,60.76,63.29,1.0694650524339044,7.188142997597802,-1.4284615725194794,5.060000000000002,2.611683848797251,1.6758670520231216
EMS LimitedIPO,2023,2023-09-21,32.65,321.25,3.77,15.05,75.26,75.26,153.02,82.32,29.75,75.26,47.39,56.87,59.24,59.24,56.87,-1.6325361235675184,1.7982736572889957,-2.228566759193462,9.479999999999997,3.888888888888889,5.126298157453936
ESAF Small Finance BankIPO,2023,2023-11-10,15.08,463.0,1.74,8.32,73.14,73.14,173.52,84.36,16.95,73.14,20.0,20.0,30.0,33.33,33.33,1.0127089118384225,-1.3433317165950975,-3.7984682317808494,13.329999999999998,4.521739130434782,10.177126099706745
Fedbank Financial Services (FedFina)IPO,2023,2023-11-30,0.18,1092.26,0.38,0.9,2.2,2.2,3.51,1.45,1.82,2.2,7.14,5.71,5.71,5.71,3.57,1.6217566759288093,5.1839255207435375,-0.29318033809832,-3.57,1.8750000000000002,1.8281249999999998
Flair Writing IndustriesIPO,2023,2023-12-01,48.32,593.0,2.18,6.12,46.67,46.67,115.6,33.37,12.99,46.67,19.74,18.09,19.08,19.74,23.03,2.352792647207358,6.228117989894977,0.0,3.2900000000000027,2.6842105263157894,8.831168831168831
Gandhar Oil Refinery (India)IPO,2023,2023-11-30,78.34,500.69,5.54,15.27,64.05,64.05,129.0,62.23,28.92,64.05,30.77,32.54,35.5,38.46,41.42,1.6217566759288093,5.1839255207435375,-0.29318033809832,10.650000000000002,2.7074468085106385,4.445210199862164
Global SurfacesIPO,2023,2023-03-23,22.21,154.98,0.42,1.11,12.21,12.21,8.95,33.1,5.12,12.21,28.57,28.57,28.57,32.14,25.0,0.5375141296156905,-4.30214182441746,-9.225780730897004,-3.5700000000000003,2.1346153846153846,1.71455938697318
Happy ForgingsIPO,2023,2023-12-27,21.27,1008.59,2.32,7.47,81.91,81.91,220.48,62.09,14.88,81.91,52.94,50.0,51.76,51.76,50.59,0.9399573954347096,9.356378143621846,0.0,-2.3499999999999943,3.0867768595041323,14.718291054739652
HMA Agro IndustriesIPO,2023,2023-07-04,0.12,480.0,0.32,0.55,1.62,1.62,1.74,2.97,0.96,1.62,3.42,3.76,4.27,3.76,3.42,3.733307652799178,4.874849562548178,0.0,0.0,1.3095238095238095,1.641509433962264
Honasa Consumer (Mamaearth)IPO,2023,2023-11-07,4.04,1701.44,0.13,0.7,7.61,7.61,11.5,4.02,1.34,7.61,6.17,3.09,2.47,2.47,2.47,1.7143965282291118,-0.7114078508115518,-3.8908299430229665,-3.6999999999999997,3.043478260869565,7.98611111111111
ideaForge TechnologyIPO,2023,2023-07-07,92.71,567.24,3.69,13.27,106.06,106.06,125.81,80.58,85.2,106.06,74.4,74.4,71.43,71.43,78.87,0.7439138466990292,3.9399967740201047,-0.8488354797843822,4.469999999999999,3.50131926121372,1.4749120750293083
IKIO LightingIPO,2023,2023-06-16,41.72,606.5,1.55,6.83,66.3,66.3,163.58,63.35,13.86,66.3,29.82,29.82,30.88,35.09,38.6,1.4146115474535925,3.543388287706084,0.0,8.780000000000001,4.139393939393939,11.717765042979945
India Shelter Finance CorporationIPO,2023,2023-12-20,10.49,1200.0,1.48,4.36,36.62,36.62,89.7,28.47,9.79,36.62,40.57,37.53,30.43,32.45,32.45,1.0694650524339044,7.188142997597802,-1.4284615725194794,-8.119999999999997,2.759493670886076,9.069767441860467
Innova CaptabIPO,2023,2023-12-29,20.85,570.0,1.41,3.75,55.26,55.26,116.73,64.95,17.15,55.26,46.88,46.88,33.48,22.32,29.02,2.2411144645625436,9.259566509298779,-0.21718468044464867,-17.860000000000003,2.4834437086092715,6.7669565217391305
INOX IndiaIPO,2023,2023-12-21,42.42,1459.32,2.79,7.14,60.99,60.99,147.8,52.97,14.82,60.99,37.88,45.45,64.39,68.18,80.3,0.34155230447487916,7.926525845435162,-0.9395688516147804,42.419999999999995,2.4705882352941173,9.906166219839143
Indian Renewable Energy Development Agency Ltd.,2023,2023-11-29,87.5,2150.21,1.96,4.56,38.79,38.79,104.57,24.16,7.71,38.79,21.88,25.0,25.0,21.88,21.88,1.5831454653901567,5.509194240638404,-0.474189482650611,0.0,2.2135922330097086,13.389244558258643
IRM EnergyIPO,2023,2023-10-26,-6.31,544.36,2.67,4.37,27.05,27.05,44.73,48.34,9.28,27.05,16.83,17.43,14.85,13.86,10.89,-4.137287696163405,-4.152636059824388,-6.611909955998185,-5.939999999999998,1.5776173285198556,4.768656716417911
JSW InfrastructureIPO,2023,2023-10-03,32.18,2800.0,0.43,2.14,37.37,37.37,57.09,15.98,10.27,37.37,12.61,12.61,15.13,15.13,16.81,-0.741058880635137,0.9370743948168947,-3.28639311422394,4.199999999999999,4.037735849056604,5.505303760848602
Jupiter Life Line HospitalsIPO,2023,2023-09-18,46.37,869.08,0.88,3.3,63.72,63.72,187.32,34.75,7.73,63.72,10.88,27.21,29.25,29.93,36.73,0.6848749896856132,3.9661248886536438,-0.29243748251194246,25.849999999999994,3.36734693877551,23.923371647509576
Mankind PharmaIPO,2023,2023-05-09,31.69,4326.36,0.14,0.87,15.32,15.32,49.16,3.8,0.92,15.32,6.94,6.94,7.87,6.48,4.17,0.6518750361617087,4.988490089406583,-2.905249169435209,-2.7700000000000005,3.6249999999999996,48.19607843137255
Manoj Vaibhav Gems N JewellersIPO,2023,2023-10-03,0.23,270.2,0.14,0.58,2.25,2.25,1.06,5.18,1.66,2.25,4.65,4.65,4.65,4.65,4.65,-0.741058880635137,0.9370743948168947,-3.28639311422394,0.0,2.4166666666666665,0.6022727272727273
Motisons JewellersIPO,2023,2023-12-26,88.27,151.09,15.02,51.5,158.96,158.96,157.4,233.69,121.13,158.96,172.73,172.73,181.82,200.0,181.82,0.10598240318600016,8.224875516420727,-0.07130656463149032,9.090000000000003,3.4060846560846563,1.298358492122412
Muthoot MicrofinIPO,2023,2023-12-26,-8.88,960.0,0.83,2.83,11.49,11.49,17.47,13.19,7.56,11.49,34.36,34.36,30.93,24.05,20.62,0.10598240318600016,8.224875516420727,-0.07130656463149032,-13.739999999999998,3.0430107526881724,2.280678851174935
Netweb TechnologiesIPO,2023,2023-07-27,82.4,631.0,2.33,9.14,90.36,90.36,228.91,81.81,19.15,90.36,64.0,64.0,66.0,70.0,74.0,-1.5979158272499072,5.182652799178222,-1.5979158272499072,10.0,3.7613168724279835,11.891428571428571
Nexus Select TrustIPO,2023,2023-05-19,4.3,3200.0,0.27,0.57,5.45,5.45,4.83,6.22,5.45,5.45,5.0,5.0,8.0,8.0,8.0,-0.6082512503548965,3.07613468741772,-3.237740863787364,3.0,1.5405405405405403,0.8702702702702703
Plaza WiresIPO,2023,2023-10-12,48.52,71.28,9.14,27.9,160.92,160.92,42.84,388.07,374.46,160.92,18.52,18.52,27.78,22.22,37.04,1.2700970799278677,-0.13092868549113845,-1.9727768189438,18.52,3.019480519480519,0.11437419906023068
Protean eGov TechnologiesIPO,2023,2023-11-13,11.49,489.95,1.08,3.23,23.86,23.86,46.94,31.62,8.92,23.86,13.89,13.89,18.94,13.89,12.63,0.18988287550174565,-1.770486005860361,-3.7083350872979093,-1.2599999999999998,2.73728813559322,5.203991130820399
Pyramid TechnoplastIPO,2023,2023-08-29,7.02,153.05,1.61,6.74,18.29,18.29,9.94,32.24,14.72,18.29,13.25,16.27,14.46,15.06,16.27,-0.2773703435422381,-1.6136908122625249,-3.1858212186204105,3.0199999999999996,3.941520467836257,0.6707152496626181
R R KabelIPO,2023,2023-09-20,15.75,670.96,0.25,1.44,18.69,18.69,52.26,13.23,2.12,18.69,22.22,20.29,19.32,16.91,12.56,-0.4591561130784405,3.061861249135811,-1.4408922190829565,-9.659999999999998,4.114285714285715,23.540540540540537
Radiant Cash Management ServicesIPO,2023,2023-01-04,5.96,256.64,0.04,0.11,0.53,0.53,1.01,0.66,0.21,0.53,0.0,0.0,0.0,0.0,0.0,-0.43895709753069,-3.519053742971645,-4.090631229235875,0.0,0.7857142857142857,3.2580645161290325
Ratnaveer Precision EngineeringIPO,2023,2023-09-11,31.99,165.03,5.77,21.82,93.96,93.96,133.05,135.2,53.95,93.96,51.02,56.12,56.12,56.12,56.12,2.3941563229691543,1.8530450705588342,0.0,5.099999999999994,3.7172061328790464,2.4616096207215543
RBZ JewellersIPO,2023,2023-12-27,5.0,100.0,2.28,7.15,16.65,16.65,13.43,9.23,24.3,16.65,10.0,10.0,7.0,7.0,7.0,0.9399573954347096,9.356378143621846,0.0,-3.0,3.0042016806722693,0.5504098360655737
Rishabh InstrumentsIPO,2023,2023-09-11,0.49,490.78,0.73,2.46,31.63,31.63,72.54,31.28,8.41,31.63,6.8,6.8,10.2,13.61,17.01,2.3941563229691543,1.8530450705588342,0.0,10.21,2.963855421686747,8.524089306698004
Sah PolymersIPO,2023,2023-01-12,37.31,66.3,0.86,2.37,17.46,17.46,2.4,32.69,39.78,17.46,7.69,7.69,7.69,7.69,18.46,-0.7444913476154946,-4.029449699054166,-5.072691029900334,10.77,2.46875,0.060180541624874614
Sai Silks (Kalamandir)IPO,2023,2023-09-27,10.32,1201.0,0.11,0.33,4.4,4.4,12.35,2.47,0.88,4.4,6.76,6.76,4.5,6.76,6.76,-0.9293316048117228,2.339119060718997,-2.356833157111471,0.0,1.5714285714285714,12.60204081632653
SAMHI HotelsIPO,2023,2023-09-22,13.81,1370.1,0.08,0.13,5.33,5.33,8.82,1.22,1.11,5.33,7.94,7.94,7.94,7.94,7.94,-2.1332530803706784,1.4322208445359808,-2.56582319541806,0.0,0.7222222222222223,7.289256198347107
SBFC FinanceIPO,2023,2023-08-16,61.75,1025.0,1.91,7.09,70.16,70.16,192.9,49.09,10.99,70.16,70.18,70.18,70.18,70.18,78.95,-0.5408554048495495,-0.5085742032763463,-2.5734328036978615,8.769999999999996,3.5273631840796025,17.39404869251578
Senco GoldIPO,2023,2023-07-14,27.74,405.0,0.69,2.68,73.35,73.35,180.94,64.99,15.46,73.35,18.93,20.5,34.7,37.85,36.28,1.2037161567986399,4.53271639733599,0.0,17.35,3.3924050632911396,11.62853470437018
Signatureglobal (India)IPO,2023,2023-09-27,19.12,730.0,0.76,1.62,11.88,11.88,12.71,13.54,6.81,11.88,7.27,9.09,10.39,9.09,9.09,-0.9293316048117228,2.339119060718997,-2.356833157111471,1.8200000000000003,1.8837209302325584,1.839363241678727
Suraj Estate DevelopersIPO,2023,2023-12-26,-7.08,400.0,0.72,2.42,15.58,15.58,24.31,18.88,9.18,15.58,15.28,15.28,18.06,18.06,18.06,0.10598240318600016,8.224875516420727,-0.07130656463149032,2.7799999999999994,2.951219512195122,2.6196120689655173
Tata TechnologiesIPO,2023,2023-11-30,162.6,3042.51,6.55,14.86,69.41,69.41,203.41,62.1,16.47,69.41,70.0,71.0,66.0,72.0,78.0,1.6217566759288093,5.1839255207435375,-0.29318033809832,8.0,2.2345864661654136,12.27579963789982
TVS Supply Chain SolutionsIPO,2023,2023-08-23,2.08,880.0,0.55,1.03,2.78,2.78,1.35,2.35,7.61,2.78,13.71,15.23,10.15,10.15,10.15,-0.10788594913948568,-1.5244365662193005,-2.6785423804316033,-3.5600000000000005,1.5846153846153845,0.17509727626459146
Udayshivakumar InfraIPO,2023,2023-04-03,-10.0,66.0,0.58,2.2,30.63,30.63,40.47,60.42,14.1,30.63,28.57,28.57,28.57,42.86,28.57,2.6733470836616036,0.5438064719327063,-7.5186710963455194,0.0,3.2352941176470593,2.85
Updater Services (UDS)IPO,2023,2023-10-04,-5.37,640.0,0.06,0.16,2.89,2.89,4.48,0.85,1.38,2.89,5.0,5.0,5.0,5.0,1.67,-1.1624891302689733,0.9468260810852946,-3.7452302480890043,-3.33,1.0,3.027027027027027
Utkarsh Small Finance BankIPO,2023,2023-07-21,92.0,500.0,4.73,16.2,101.91,101.91,124.85,81.64,72.1,101.91,60.0,52.0,60.0,60.0,60.0,0.9225893838329613,4.933383643253064,-1.1719717805812602,0.0,3.354037267080745,1.729224376731302
Valiant LaboratoriesIPO,2023,2023-10-06,21.61,152.46,0.33,0.72,29.73,29.73,20.83,73.62,16.0,29.73,3.57,3.57,7.14,7.14,10.71,0.6656064086705493,0.6385440989717717,-2.6685848848697624,7.140000000000001,1.6744186046511624,1.293788819875776
Vishnu Prakash R PungliaIPO,2023,2023-09-05,47.17,308.61,3.77,10.63,87.79,87.79,171.69,111.02,31.96,87.79,40.4,65.66,65.66,65.66,60.61,1.200714483279186,0.9970771322359129,-2.0233593521245874,20.21,2.7467700258397936,5.355271366188396
Yatharth Hospital and Trauma CareIPO,2023,2023-08-07,10.43,686.55,1.08,3.03,36.15,36.15,85.1,37.22,8.34,36.15,21.67,23.33,23.33,20.0,18.33,-0.7922526298737465,0.5128915285706137,-1.9112424702752762,-3.3400000000000034,2.567796610169491,10.082938388625593
Yatra OnlineIPO,2023,2023-09-28,-4.3,775.0,0.11,0.31,1.61,1.61,2.05,0.42,2.1,1.61,0.0,0.0,0.0,0.0,0.0,-1.1082773833915427,1.126589851367843,-3.312145441219072,0.0,1.476190476190476,0.9318181818181817
Zaggle Prepaid Ocean ServicesIPO,2023,2023-09-22,-3.41,563.38,0.2,0.43,12.55,12.55,16.73,8.83,5.87,12.55,6.1,6.1,12.2,15.24,12.2,-2.1332530803706784,1.4322208445359808,-2.56582319541806,6.1,1.4333333333333331,2.8023450586264658
Aadhar Housing FinanceIPO,2024,2024-05-15,4.59,3000.0,1.67,7.35,69.63,69.63,197.55,54.63,7.58,69.63,73.02,73.02,79.37,79.37,79.37,-0.4571236408474455,-2.43146199755645,-2.43146199755645,6.3500000000000085,4.1525423728813555,25.722656250000004
ACME Solar HoldingsIPO,2024,2024-11-13,-12.4,2900.0,0.39,0.7,2.75,2.75,3.54,0.97,3.1,2.75,8.65,8.65,6.92,5.19,3.46,-3.7779697394834555,-6.243645024763267,-10.135012711678538,-5.19,1.4285714285714286,1.10625
Afcons InfrastructureIPO,2024,2024-11-04,2.42,5430.0,0.1,0.36,2.63,2.63,3.79,5.05,0.94,2.63,10.8,12.96,12.96,4.32,7.99,-1.4125390574444951,-4.96928725034752,-8.470765046603134,-2.8100000000000005,1.7999999999999998,3.644230769230769
Akme FintradeIPO,2024,2024-06-26,11.13,132.0,3.01,11.63,55.12,55.12,28.12,130.33,45.78,55.12,24.17,26.67,28.33,35.0,38.33,1.5002551454328827,3.9713204193909446,0.0,14.159999999999997,3.7395498392282964,0.6129032258064516
Akums Drugs and PharmaceuticalsIPO,2024,2024-08-06,17.27,1856.74,1.37,4.43,63.39,63.39,90.09,42.08,20.58,63.39,25.77,26.51,28.42,28.42,26.51,-3.4788573175686843,-1.2739613573284791,-4.071624771599591,0.740000000000002,3.0136054421768703,4.3563829787234045
Allied Blenders and DistillersIPO,2024,2024-07-02,13.13,1500.0,0.51,1.52,23.49,23.49,50.37,32.35,4.42,23.49,20.28,26.69,28.47,30.25,28.47,1.6969980565989085,7.271223483846279,-0.07497323124272537,8.189999999999998,2.4918032786885247,11.143805309734514
Apeejay Surrendra Park HotelsIPO,2024,2024-02-12,37.53,920.0,2.61,5.82,59.66,59.66,75.14,52.41,30.35,59.66,37.16,37.16,43.92,27.03,23.65,-0.7149189084913021,-0.012257906349599779,-2.1785319120532054,-13.509999999999998,2.1476014760147604,2.4676518883415435
Arkade DevelopersIPO,2024,2024-09-24,29.58,410.0,5.8,29.36,106.83,106.83,163.16,163.02,51.39,106.83,46.88,46.88,46.88,39.06,39.06,2.05302820184472,4.500838934623519,0.0,-7.82,4.976271186440679,3.1687706350747717
Awfis Space SolutionsIPO,2024,2024-05-30,10.12,598.93,2.03,11.41,108.15,108.15,116.95,129.26,53.14,108.15,19.58,32.64,36.55,31.33,28.72,-2.0855420558916538,-0.6834221009212382,-2.0855420558916538,9.14,5.35680751173709,2.196656649135988
Baazar Style RetailIPO,2024,2024-09-06,2.83,834.67,0.72,4.64,40.62,40.62,81.83,59.4,9.04,40.62,34.7,33.42,33.42,32.13,17.99,-1.520651135881823,3.5827788209256806,-1.6918613045567854,-16.710000000000004,5.658536585365853,8.952954048140045
Bajaj Housing FinanceIPO,2024,2024-09-16,135.71,6560.0,2.02,7.51,67.43,67.43,209.36,41.41,6.9,67.43,71.43,71.43,78.57,85.71,90.0,1.7939638440191752,5.1359047372508515,-0.020284455017749448,18.569999999999993,3.542452830188679,29.90857142857143
Bansal Wire IndustriesIPO,2024,2024-07-10,36.86,745.0,1.76,5.73,59.57,59.57,146.05,51.46,13.63,59.57,27.34,27.34,25.39,24.22,23.44,0.156259650423074,4.44093318420018,-0.4450911055449147,-3.8999999999999986,3.0806451612903225,10.637290604515659
Bharat Highways InvITIPO,2024,2024-03-12,3.05,2500.0,10.02,27.78,6.74,6.74,8.92,6.93,0.0,6.74,95.0,120.0,150.0,180.0,170.0,-0.3119755775341737,2.844421319691781,-0.7017567258169488,75.0,2.7450592885375498,89.19999999999999
Bharti HexacomIPO,2024,2024-04-12,42.68,4275.0,0.34,1.45,29.88,29.88,48.57,10.52,2.83,29.88,6.49,7.02,7.54,8.77,9.65,0.02109737437623327,0.11492183314774085,-1.0301576000492085,3.16,3.295454545454545,16.57679180887372
BLS E-ServicesIPO,2024,2024-02-06,171.11,310.9,15.67,42.78,162.4,162.4,123.3,300.05,236.62,162.4,88.89,103.7,111.11,114.81,125.93,1.892473318124166,1.2503116544929194,-0.7604949892408341,37.040000000000006,2.7127457197209894,0.5208685366677932
Brainbees Solutions (FirstCry)IPO,2024,2024-08-13,46.04,4193.73,0.11,0.3,12.21,12.21,19.3,4.67,2.3,12.21,21.08,18.71,12.9,10.75,6.88,0.6103978109871733,-0.7277116460594812,-3.4860800690898808,-14.2,1.4285714285714284,8.041666666666668
Capital Small Finance BankIPO,2024,2024-02-14,-7.05,523.07,0.5,1.19,4.0,4.0,6.64,4.05,2.49,4.0,10.68,10.68,9.62,8.55,7.48,-0.41243929686965997,-0.24892039343124006,-1.1648402870014452,-3.1999999999999993,1.9833333333333334,2.5637065637065635
Carraro IndiaIPO,2024,2024-12-30,-9.63,1250.0,0.09,0.22,1.12,1.12,2.21,0.6,0.71,1.12,0.0,0.0,0.0,0.0,0.0,0.24334923158453314,-2.5952733069961154,-9.807541563278976,0.0,1.1578947368421053,2.728395061728395
Ceigall IndiaIPO,2024,2024-08-08,-3.55,1252.66,0.61,1.23,13.74,13.74,31.5,14.39,3.7,13.74,20.45,21.2,21.2,19.95,13.72,-3.5740417178110384,-0.8369465328703529,-3.5740417178110384,-6.729999999999999,1.7323943661971832,8.289473684210526
Concord Enviro SystemsIPO,2024,2024-12-27,9.08,500.33,0.84,1.25,10.67,10.67,17.32,14.2,5.55,10.67,4.28,4.99,4.71,5.42,3.85,-0.5774120417339823,-1.575151377379147,-9.164805529437114,-0.43000000000000016,1.3297872340425532,3.065486725663717
DAM Capital AdvisorsIPO,2024,2024-12-27,46.68,840.25,0.51,1.54,27.28,27.28,80.75,14.24,2.31,27.28,7.07,8.83,6.36,7.42,6.36,-0.5774120417339823,-1.575151377379147,-9.164805529437114,-0.71,2.5245901639344264,33.50622406639004
DEE Development EngineersIPO,2024,2024-06-26,3.18,418.01,2.51,9.0,99.56,99.56,201.91,144.0,23.42,99.56,15.38,15.38,24.62,27.69,28.62,1.5002551454328827,3.9713204193909446,0.0,13.24,3.4482758620689657,8.584608843537413
Diffusion EngineersIPO,2024,2024-10-04,20.93,158.0,7.16,27.19,114.34,114.34,95.74,207.56,85.32,114.34,29.76,41.67,44.64,41.67,37.5,-4.582879571865329,-1.0492546435204364,-4.582879571865329,7.739999999999998,3.7451790633608817,1.1208147974713183
ECOS (India) Mobility & Hospitality Ltd.,2024,2024-09-04,32.68,601.2,3.36,9.56,64.26,64.26,136.85,71.23,19.79,64.26,35.33,41.92,47.9,47.9,44.91,0.5841767339191728,1.9459739377045704,-0.3210066515426213,9.579999999999998,2.763005780346821,6.88034188034188
Emcure PharmaceuticalsIPO,2024,2024-07-10,34.84,1952.03,1.32,4.98,67.84,67.84,195.83,48.28,7.17,67.84,25.79,27.28,27.98,30.75,31.75,0.156259650423074,4.44093318420018,-0.4450911055449147,5.960000000000001,3.5070422535211265,26.936726272352136
Entero Healthcare Solutions Ltd.,2024,2024-02-16,-8.62,1600.0,0.11,0.23,1.53,1.53,2.28,0.22,1.33,1.53,0.79,0.79,0.64,0.4,0.4,1.1853552163433978,0.03812584251303708,-0.2568169630432493,-0.39,1.0952380952380951,1.5944055944055942
Enviro Infra EngineersIPO,2024,2024-11-29,39.91,650.3,2.08,12.52,89.9,89.9,157.05,153.8,24.48,89.9,10.14,18.24,20.27,22.3,33.78,0.9363268464587016,-0.8547956687065983,-7.952952485214215,23.64,5.743119266055046,6.389340927583401
EPACK DurableIPO,2024,2024-01-30,-9.74,640.05,0.77,3.68,16.79,16.79,25.5,28.1,6.5,16.79,4.35,4.35,11.74,13.04,10.87,-0.23039338395498543,-1.178215412306527,-2.6036940913996998,6.52,4.2298850574712645,3.8636363636363638
Exicom Tele-SystemsIPO,2024,2024-03-05,58.42,429.0,2.47,7.01,129.54,129.54,121.8,153.22,119.59,129.54,10.56,11.97,11.97,17.61,17.61,0.7115393711694784,2.299371276391282,-0.22003427714499812,7.049999999999999,2.7276264591439685,1.0176288745926978
Gala Precision EngineeringIPO,2024,2024-09-09,43.13,167.93,10.84,52.21,201.41,201.41,232.54,414.62,91.95,201.41,42.53,42.53,45.37,47.26,43.48,-1.354104443662052,2.6294886305175513,-1.3585919220248432,0.9499999999999957,4.772394881170019,2.526235741444867
Garuda Construction & Engineering Ltd.,2024,2024-10-15,11.96,264.1,1.91,4.1,7.55,7.55,1.24,9.03,10.81,7.55,23.16,23.16,10.53,7.37,5.26,0.17670705209058557,-1.3058856429384647,-4.419811527671024,-17.9,2.0398009950248754,0.11365719523373052
Go Digit General InsuranceIPO,2024,2024-05-23,12.5,2614.65,0.36,0.79,9.6,9.6,12.56,7.23,4.26,9.6,20.22,15.81,15.81,7.35,3.68,2.516531756818585,2.8261044752063924,0.0,-16.54,1.7173913043478264,2.880733944954129
Godavari BiorefineriesIPO,2024,2024-10-30,-2.5,554.75,0.27,0.54,1.83,1.83,2.76,0.9,1.7,1.83,0.0,0.0,0.0,0.0,0.0,-0.38734627897936136,-7.021290005901692,-7.152870092939256,0.0,1.4594594594594597,1.5333333333333332
Gopal SnacksIPO,2024,2024-03-14,-9.55,650.0,0.6,1.4,9.02,9.02,17.5,9.5,4.01,9.02,33.67,29.93,19.95,12.47,5.24,-1.4567912770506286,2.4546575345634425,-1.5422198808102694,-28.43,2.0,4.257907542579076
GPT HealthcareIPO,2024,2024-02-29,7.9,525.14,0.37,0.85,8.52,8.52,17.3,11.02,2.44,8.52,64.52,67.2,64.52,64.52,59.14,-1.0561518086009025,2.1405903698988427,-1.0561518086009025,-5.3799999999999955,1.8085106382978724,6.811023622047244
Hyundai Motor IndiaIPO,2024,2024-10-22,-7.16,27858.75,0.18,0.42,2.37,2.37,6.97,0.6,0.5,2.37,3.83,3.83,3.06,3.32,1.28,-2.335642037166741,-3.7130446415222007,-6.652222588833945,-2.55,1.4999999999999998,11.616666666666667
IndegeneIPO,2024,2024-05-13,26.11,1841.76,1.15,4.15,86.4,86.4,125.51,50.36,24.5,86.4,101.77,110.62,107.3,115.04,111.73,-1.5089539137447927,-2.4805548325046445,-2.8555669822183494,9.960000000000008,3.3200000000000003,5.102032520325203
International Gemmological Institute (IGI)IPO,2024,2024-12-20,12.99,4050.0,2.07,5.31,80.78,80.78,201.06,76.4,22.04,80.78,29.98,29.98,33.57,39.57,41.97,-4.767384115986961,0.29338605778430615,-10.026491405074367,11.989999999999998,2.4470046082949306,9.08130081300813
Inventurus Knowledge SolutionsIPO,2024,2024-12-19,47.54,2497.92,0.45,1.43,35.05,35.05,75.62,42.17,8.82,35.05,2.48,2.48,2.48,2.63,2.48,-2.431900670911291,2.1228969292822475,-8.637266102254149,0.0,2.5999999999999996,8.477578475336323
Jana Small Finance BankIPO,2024,2024-02-14,-11.07,570.0,0.88,1.83,19.89,19.89,39.81,26.13,5.7,19.89,26.57,22.95,18.12,14.49,14.49,-0.41243929686965997,-0.24892039343124006,-1.1648402870014452,-12.08,1.8673469387755104,6.863793103448277
JG ChemicalsIPO,2024,2024-03-13,18.82,423.56,2.19,6.38,25.78,25.78,20.58,34.24,33.3,25.78,22.62,22.62,22.62,33.94,22.62,-1.6040221324637782,0.9879490416618841,-2.204409708560895,0.0,2.7860262008733625,0.6161676646706586
JNK IndiaIPO,2024,2024-04-30,67.36,649.47,0.49,1.03,28.04,28.04,75.72,23.18,3.96,28.04,4.82,4.82,4.82,6.02,6.02,1.0588787553647894,2.7273718796438917,-0.6546159322838419,1.1999999999999993,1.745762711864407,18.650246305418722
Juniper HotelsIPO,2024,2024-02-28,11.53,1800.0,0.37,0.85,2.07,2.07,2.96,0.86,1.1,2.07,4.17,4.17,4.17,4.17,2.78,-0.47109392180021414,0.9823991609009486,-1.1986074009393444,-1.3900000000000001,1.8085106382978724,2.4666666666666663
Jyoti CNC AutomationIPO,2024,2024-01-16,31.18,1000.0,3.69,5.08,38.53,38.53,44.13,36.48,26.17,38.53,20.24,23.26,28.1,25.08,15.11,2.2624896436967523,4.010820150405747,-0.2948303989826928,-5.129999999999999,1.3403693931398417,1.6798629615531022
KRN Heat Exchanger & Refrigeration Ltd.,2024,2024-10-03,117.63,341.95,23.79,73.21,215.88,215.88,148.55,506.16,129.95,215.88,18.18,18.18,22.73,27.27,27.27,-2.899729466258283,-0.11313872944416214,-3.684574907356375,9.09,3.064462118041021,1.1422529796232221
Kronox Lab SciencesIPO,2024,2024-06-10,17.15,130.15,11.1,24.59,117.25,117.25,89.03,301.92,54.23,117.25,51.47,58.82,58.82,58.82,29.41,-0.020202975425442915,5.928270522600476,-0.13288879633664985,-22.06,2.1955357142857146,1.6386894901527702
KrossIPO,2024,2024-09-16,8.25,500.0,0.88,2.56,16.5,16.5,23.32,22.12,10.19,16.5,20.83,20.83,20.83,20.83,20.83,1.7939638440191752,5.1359047372508515,-0.020284455017749448,0.0,2.612244897959184,2.2662779397473276
Krystal Integrated ServicesIPO,2024,2024-03-21,-0.3,300.12,0.27,0.45,13.21,13.21,7.33,43.91,3.32,13.21,4.2,3.92,3.5,0.7,0.0,-0.6082183987194512,-0.4985930454632692,-2.1410582144659185,-4.2,1.2162162162162162,2.1432748538011697
Le Travenues Technology (ixigo)IPO,2024,2024-06-18,78.19,740.1,1.95,9.33,98.1,98.1,106.73,110.25,53.95,98.1,30.11,30.11,26.88,26.88,26.88,1.2842230171287161,5.151123579206263,0.0,-3.2300000000000004,4.551219512195122,1.9746530989824236
Mamata MachineryIPO,2024,2024-12-27,159.26,179.39,0.59,1.24,194.95,194.95,235.88,274.38,138.08,194.95,30.86,30.86,30.86,30.86,22.63,-0.5774120417339823,-1.575151377379147,-9.164805529437114,-8.23,1.7971014492753625,1.7070487769575915
Medi Assist Healthcare Services Ltd.,2024,2024-01-23,11.03,1171.58,0.41,0.73,16.25,16.25,40.14,14.85,3.19,16.25,13.16,13.16,9.57,8.37,9.57,-3.6015304802494486,-0.0764524195426497,-3.8857424725477485,-3.59,1.4313725490196079,12.200607902735563
Niva Bupa Health InsuranceIPO,2024,2024-11-14,0.03,3000.0,0.65,1.17,1.8,1.8,2.06,0.67,2.72,1.8,0.0,0.0,0.0,0.0,0.0,-2.754826059377624,-6.084641831638216,-10.235523658217005,0.0,1.5599999999999998,0.7304964539007092
Northern Arc CapitalIPO,2024,2024-09-24,22.97,777.0,2.87,20.18,110.91,110.91,240.79,142.41,31.08,110.91,57.03,57.03,57.03,62.74,68.44,2.05302820184472,4.500838934623519,0.0,11.409999999999997,6.794612794612794,7.722578576010263
Nova AgriTechIPO,2024,2024-01-31,40.85,143.81,8.5,30.0,109.37,109.37,79.31,224.08,77.12,109.37,48.78,48.78,48.78,48.78,60.98,2.292502401265617,-0.026229327148741266,-1.6823208107722865,12.199999999999996,3.488372093023256,1.0270655270655271
NTPC Green EnergyIPO,2024,2024-11-27,12.64,10000.0,0.33,0.94,2.42,2.42,3.32,0.81,3.44,2.42,2.78,1.85,1.85,1.85,1.85,3.2161915088122273,-0.5102584489782513,-7.404433543573486,-0.9299999999999997,2.1860465116279064,0.9378531073446327
Ola Electric MobilityIPO,2024,2024-08-09,20.0,6145.56,0.35,1.06,4.26,4.26,5.31,2.39,3.86,4.26,19.74,21.05,19.74,14.47,6.58,-1.4167984885325113,-0.2688964196257526,-2.5724783994178546,-13.159999999999998,2.355555555555556,1.3409090909090908
One Mobikwik SystemsIPO,2024,2024-12-18,89.25,572.0,7.73,67.6,119.38,119.38,125.82,114.7,141.78,119.38,43.01,45.52,35.84,32.26,39.07,-1.7975553733899363,2.830741903818934,-7.69452301166652,-3.9399999999999977,8.63346104725415,0.8868057513391598
Orient TechnologiesIPO,2024,2024-08-28,46.8,214.76,6.65,16.96,151.71,151.71,189.9,300.6,66.87,151.71,21.84,21.84,16.99,24.27,30.1,1.1390703345148578,0.875785438607446,0.0,8.260000000000002,2.512592592592593,2.835598028968195
P N Gadgil JewellersIPO,2024,2024-09-17,65.27,1100.0,1.43,7.5,59.41,59.41,136.85,56.08,16.58,59.41,36.46,41.67,46.88,50.0,52.08,1.507321962693342,3.5752195801745046,0.0,15.619999999999997,4.901960784313726,8.204436450839328
Platinum IndustriesIPO,2024,2024-03-05,29.36,235.32,8.06,22.22,98.99,98.99,151.0,141.83,50.99,98.99,0.0,0.0,0.0,0.0,0.0,0.7115393711694784,2.299371276391282,-0.22003427714499812,0.0,2.723039215686274,2.955568604423566
Popular Vehicles & Services Ltd.,2024,2024-03-19,-6.39,300.12,0.36,0.7,13.21,13.21,7.33,43.9,3.31,13.21,28.81,23.73,13.56,13.56,16.95,-2.3202765080118426,-0.4258183768241608,-3.0057505373762616,-11.86,1.5217391304347827,2.1495601173020527
Premier EnergiesIPO,2024,2024-09-03,86.64,2830.4,2.1,6.61,74.38,74.38,216.67,50.04,7.69,74.38,58.89,68.89,71.11,83.33,84.44,1.047656164123456,1.0753311556161327,0.0,25.549999999999997,3.0045454545454544,27.813863928112962
R K SWAMYIPO,2024,2024-03-12,-8.82,251.19,2.68,6.59,27.77,27.77,32.09,46.32,17.42,27.77,22.57,20.83,19.1,17.36,12.15,-0.3119755775341737,2.844421319691781,-0.7017567258169488,-10.42,2.370503597122302,1.83162100456621
Rashi PeripheralsIPO,2024,2024-02-14,3.38,600.0,1.09,3.19,59.71,59.71,143.66,62.75,10.44,59.71,22.51,24.12,25.72,26.37,24.12,-0.41243929686965997,-0.24892039343124006,-1.1648402870014452,1.6099999999999994,2.6806722689075624,13.629981024667932
Sagility IndiaIPO,2024,2024-11-12,-2.27,2106.6,0.22,0.52,3.2,3.2,3.52,1.93,4.14,3.2,0.0,0.0,0.0,0.0,0.0,-1.3622678445317171,-4.329391029171714,-8.897602804388905,0.0,1.625,0.8301886792452832
Sai Life SciencesIPO,2024,2024-12-18,39.28,3042.62,0.5,3.2,10.27,10.27,29.78,4.99,1.39,10.27,72.86,69.22,72.86,69.22,72.86,-1.7975553733899363,2.830741903818934,-7.69452301166652,0.0,5.333333333333334,19.986577181208055
Sanathan TextilesIPO,2024,2024-12-27,20.98,550.0,16.48,37.75,36.9,36.9,79.59,44.39,9.31,36.9,32.71,34.27,54.52,58.57,77.88,-0.5774120417339823,-1.575151377379147,-9.164805529437114,45.169999999999995,2.276839565741857,8.458023379383635
SanstarIPO,2024,2024-07-26,21.13,510.15,4.23,13.48,82.96,82.96,145.68,136.47,24.19,82.96,42.11,42.11,42.11,36.84,31.58,1.2390495252925682,4.694304275060812,0.0,-10.530000000000001,3.113163972286374,5.997529847673939
Saraswati Saree DepotIPO,2024,2024-08-20,27.31,160.01,4.37,16.34,107.38,107.38,64.12,358.45,61.56,107.38,18.75,18.75,20.0,31.25,43.75,1.4451472460672798,-0.41127622641965456,-1.2476560219744304,25.0,3.655480984340045,1.0398962049951346
Senores PharmaceuticalsIPO,2024,2024-12-30,42.47,582.11,1.78,13.93,93.41,93.41,94.66,96.11,89.22,93.41,38.36,38.36,38.36,44.76,56.78,0.24334923158453314,-2.5952733069961154,-9.807541563278976,18.42,7.409574468085106,1.0597850425436632
Shree Tirupati Balajee Agro Trading Co.Ltd.,2024,2024-09-12,13.86,169.65,6.36,17.58,124.74,124.74,149.21,330.34,73.22,124.74,12.05,8.43,18.07,30.12,42.17,0.9695726006259786,4.279377336016754,0.0,30.12,2.721362229102167,2.0350518276050193
SRM ContractorsIPO,2024,2024-04-03,7.62,130.2,3.56,17.42,86.57,86.57,59.59,214.94,46.97,86.57,21.43,26.19,26.19,35.71,47.62,1.95390075756543,2.2026180860683864,-0.2618528422592137,26.189999999999998,4.759562841530055,1.2659868281283195
Stanley LifestylesIPO,2024,2024-06-28,28.66,537.02,1.44,5.22,96.21,96.21,222.1,118.6,18.09,96.21,33.88,37.94,43.63,43.36,44.72,2.167983626298353,4.904066077861247,-0.14098858366778932,10.839999999999996,3.3896103896103895,12.210005497526112
Suraksha DiagnosticIPO,2024,2024-12-06,-5.39,846.25,0.11,0.25,1.27,1.27,1.74,1.4,0.94,1.27,0.0,0.0,0.0,0.0,1.59,2.265541148144923,2.8440927096291535,-5.867588748114228,1.59,1.1904761904761905,1.673076923076923
SwiggyIPO,2024,2024-11-13,16.92,11327.43,0.12,0.35,3.59,3.59,6.02,0.41,1.14,3.59,4.62,3.85,2.56,1.79,0.0,-3.7779697394834555,-6.243645024763267,-10.135012711678538,-4.62,1.5909090909090908,4.854838709677419
TBO TekIPO,2024,2024-05-15,33.05,1550.81,0.44,1.48,25.49,25.49,72.78,16.5,2.45,25.49,6.52,7.61,7.61,7.61,7.07,-0.4571236408474455,-2.43146199755645,-2.43146199755645,0.5500000000000007,2.7407407407407405,28.541176470588233
Tolins TyresIPO,2024,2024-09-16,5.93,230.0,1.8,5.22,23.45,23.45,25.42,27.3,20.66,23.45,11.06,11.06,13.27,15.49,17.7,1.7939638440191752,5.1359047372508515,-0.020284455017749448,6.639999999999999,2.7473684210526312,1.224470134874759
Transrail LightingIPO,2024,2024-12-27,28.14,840.25,2.75,6.98,81.87,81.87,166.33,98.47,26.77,81.87,23.15,24.31,32.87,38.19,35.19,-0.5774120417339823,-1.575151377379147,-9.164805529437114,12.04,2.449122807017544,6.190174916263491
Unicommerce eSolutionsIPO,2024,2024-08-13,94.52,276.57,2.43,12.23,168.31,168.31,138.75,252.43,130.82,168.31,25.0,25.0,25.93,23.15,32.41,0.6103978109871733,-0.7277116460594812,-3.4860800690898808,7.409999999999997,4.83399209486166,1.05980751604033
Ventive HospitalityIPO,2024,2024-12-30,9.54,1600.0,0.71,1.28,9.8,9.8,9.08,13.85,5.87,9.8,8.55,8.55,8.55,7.78,7.0,0.24334923158453314,-2.5952733069961154,-9.807541563278976,-1.5500000000000007,1.580246913580247,1.5209380234505863
Vibhor Steel TubesIPO,2024,2024-02-20,195.36,72.17,27.63,101.42,298.81,298.81,178.73,721.32,188.17,298.81,79.47,79.47,72.85,46.36,9.93,2.086624584641217,3.423219839485614,0.0,-69.53999999999999,3.6574107464839525,0.9493280926329208
Vishal Mega MartIPO,2024,2024-12-18,43.5,8000.0,7.32,20.41,28.75,28.75,85.11,15.01,2.43,28.75,141.03,153.85,153.85,173.08,182.05,-1.7975553733899363,2.830741903818934,-7.69452301166652,41.02000000000001,2.7506738544474394,33.640316205533594
Vraj Iron and SteelIPO,2024,2024-07-03,21.74,171.0,3.47,16.93,119.02,119.02,163.9,208.8,54.89,119.02,17.87,24.15,28.99,33.82,38.65,1.74998324172142,7.792922545682113,0.0,20.779999999999998,4.742296918767506,2.9805419167121294
Waaree EnergiesIPO,2024,2024-10-28,55.62,4321.44,3.41,9.17,79.44,79.44,215.03,65.25,11.27,79.44,2.99,2.99,3.66,3.99,3.66,-1.7834155868787005,-6.4028241646044926,-7.159354670135276,0.6699999999999999,2.6125356125356123,18.912049252418647
Western Carriers IndiaIPO,2024,2024-09-24,-7.3,492.88,0.79,13.89,30.57,30.57,27.99,44.71,25.95,30.57,29.07,29.07,29.07,29.07,23.26,2.05302820184472,4.500838934623519,0.0,-5.809999999999999,15.606741573033709,1.07447216890595
Zinka Logistics Solutions Ltd.,2024,2024-11-22,-4.74,1114.72,0.24,0.32,1.86,1.86,2.76,0.23,1.64,1.86,10.99,9.16,3.66,0.0,0.0,1.477988289001475,-3.526276073297785,-8.806818723644483,-10.99,0.9411764705882354,1.586206896551724
Aditya InfotechIPO,2025,2025-08-05,60.74,1300.0,2.05,6.88,100.69,100.69,133.21,72.0,50.87,100.69,33.33,33.33,37.33,41.48,41.93,-0.691145839628382,-3.18703114567378,-5.975347163283562,8.600000000000001,3.2,2.6134981361585248
Advance AgrolifeIPO,2025,2025-10-08,8.3,192.86,0.42,1.87,56.77,56.77,27.31,175.3,23.06,56.77,11.0,11.0,15.0,10.0,15.0,1.7676983149879755,1.2333777939452784,-4.462533448021333,4.0,3.5961538461538463,1.1791882556131261
Aegis Vopak TerminalsIPO,2025,2025-06-02,2.98,2800.0,0.26,0.33,2.09,2.09,3.3,0.56,0.77,2.09,6.38,6.38,6.38,5.53,3.4,-1.1381476452083317,1.5714508798316595,-5.719587809757765,-2.98,0.9166666666666667,3.793103448275862
AequsIPO,2025,2025-12-10,22.01,921.81,3.42,11.1,101.63,101.63,120.92,80.62,78.05,101.63,35.48,35.48,38.71,36.29,34.68,-0.8773955206649697,0.718102317360958,-1.74721210861285,-0.7999999999999972,3.153409090909091,1.5472808701215612
Ajax EngineeringIPO,2025,2025-02-17,-5.34,1269.35,0.28,0.49,6.43,6.43,14.41,6.46,1.9,6.43,7.15,7.15,7.95,3.18,1.91,-1.805265678995438,-1.050286167425185,-12.42197051043158,-5.24,1.2894736842105263,7.205
All Time PlasticsIPO,2025,2025-08-14,3.02,400.6,0.35,1.02,8.34,8.34,10.15,13.47,5.14,8.34,10.18,10.18,10.18,9.45,8.36,0.1429085446299494,-2.2404527738750124,-6.044961006711535,-1.8200000000000003,2.266666666666667,1.937022900763359
Amanta HealthcareIPO,2025,2025-09-09,12.5,126.0,4.61,24.9,82.6,82.6,35.86,209.4,54.96,82.6,19.84,19.84,19.84,21.43,10.32,1.1757717782225896,1.19800441113036,-5.139790319289139,-9.52,5.286624203821656,0.6512895023610606
Anand Rathi Share & Stock Brokers Ltd.,2025,2025-09-30,7.62,745.0,0.41,1.11,20.66,20.66,43.8,28.6,4.78,20.66,12.08,12.08,12.08,12.08,12.08,-2.2185581755696404,0.7542929194718218,-6.122013041629081,0.0,2.1764705882352944,8.975409836065573
Anlon HealthcareIPO,2025,2025-09-03,0.8,121.03,1.69,3.3,7.12,7.12,1.07,10.61,47.29,7.12,7.69,7.69,7.69,5.49,5.49,0.012139826521884167,-0.2151939874880604,-5.725500218377677,-2.2,1.8435754189944134,0.02257860308081874
Anthem BiosciencesIPO,2025,2025-07-21,28.13,3395.0,0.73,3.29,63.86,63.86,182.65,42.35,5.64,63.86,16.67,16.67,17.54,20.18,26.32,0.033489751737292295,1.1997216984461545,-4.292599380913598,9.649999999999999,3.9638554216867474,31.820557491289204
ArisInfra SolutionsIPO,2025,2025-06-25,-21.45,499.6,0.24,1.59,2.65,2.65,1.42,3.14,5.58,2.65,12.16,12.16,12.16,12.16,10.81,1.7439107207989801,0.9743551796617345,-3.7049822532379983,-1.3499999999999996,4.676470588235294,0.25
Ather EnergyIPO,2025,2025-05-06,-5.83,2980.76,0.16,0.28,1.43,1.43,1.7,0.66,1.77,1.43,1.56,1.56,1.56,0.93,0.93,0.210041720615739,3.65762659257165,-7.0050598774414885,-0.63,1.076923076923077,0.9090909090909091
Atlanta ElectricalsIPO,2025,2025-09-29,9.2,687.34,0.97,3.06,70.59,70.59,194.92,54.2,10.42,70.59,19.36,19.36,18.57,13.53,17.9,-2.2515757459125707,0.5469186846197571,-6.031228960884638,-1.4600000000000009,2.8598130841121496,18.528517110266158
Belrise IndustriesIPO,2025,2025-05-28,8.23,2150.0,0.67,2.89,41.3,41.3,108.35,38.33,4.26,41.3,11.11,8.89,12.22,16.67,24.44,-0.24583441641529147,2.966386362360063,-5.582839520064997,13.330000000000002,3.7532467532467533,24.850917431192663
BlueStone Jewellery & Lifestyle Ltd.,2025,2025-08-19,5.61,1540.65,0.39,0.65,2.7,2.7,4.28,0.55,1.35,2.7,3.87,2.32,2.32,2.32,1.93,1.609107974155033,-0.5208779262049767,-4.712380392927229,-1.9400000000000002,1.326530612244898,2.951724137931034
BMW VenturesIPO,2025,2025-10-01,-25.15,231.66,0.11,0.22,1.5,1.5,3.09,3.03,0.99,1.5,8.08,8.08,8.08,8.08,8.08,-0.8803962182073688,0.8578662784441082,-5.262997286013715,0.0,1.0476190476190474,2.8348623853211006
Borana WeavesIPO,2025,2025-05-27,18.13,144.89,8.53,29.46,148.75,148.75,87.21,237.39,200.39,148.75,30.09,28.7,25.93,26.85,26.85,0.5764891285412688,2.390015960934888,-5.3015233034724885,-3.2399999999999984,3.4136732329084594,0.4349842884931917
Brigade Hotel VenturesIPO,2025,2025-07-31,-5.2,759.6,0.69,1.31,4.48,4.48,5.42,1.92,6.4,4.48,14.44,17.78,13.33,8.89,7.78,-1.1720885320863017,-3.028173425522085,-5.522189650996245,-6.659999999999999,1.658227848101266,0.8338461538461538
Canara HSBC Life InsuranceIPO,2025,2025-10-17,5.11,2517.5,0.09,0.27,2.29,2.29,7.05,0.33,0.42,2.29,0.0,0.0,0.0,0.0,0.0,1.6788377459675319,1.8651615945101119,-1.930878221547494,0.0,1.4210526315789473,13.557692307692307
Canara Robeco Asset Management Co.Ltd.,2025,2025-10-16,12.95,1326.13,0.23,0.48,9.74,9.74,25.92,6.45,1.91,9.74,5.64,5.64,5.64,5.64,5.64,1.6023477273268805,2.0587015142086607,-2.405968862586083,0.0,1.4545454545454544,12.895522388059703
Capillary TechnologiesIPO,2025,2025-11-21,5.11,877.5,0.28,0.52,52.95,52.95,57.27,69.84,15.82,52.95,8.67,8.67,8.67,8.67,4.85,0.6101879386570142,0.8706368999135128,-0.5641582160546554,-3.8200000000000003,1.368421052631579,3.597361809045226
Corona RemediesIPO,2025,2025-12-15,35.44,655.37,0.62,9.33,137.04,137.04,278.52,208.88,28.73,137.04,34.09,34.09,26.37,24.48,24.48,0.25712090075133975,0.5724685702582777,-0.7199787916181144,-9.610000000000003,12.958333333333334,9.660770031217481
CrizacIPO,2025,2025-07-09,25.56,860.0,0.62,2.75,59.82,59.82,134.35,76.15,10.24,59.82,16.33,16.33,16.33,16.33,12.24,0.08918258464487572,1.4854679881449284,-2.82250758600171,-4.089999999999998,3.8194444444444446,12.993230174081237
Denta Water & Infra Solutions Ltd.,2025,2025-01-29,16.07,220.5,17.29,50.63,221.68,221.68,236.94,507.27,90.56,221.68,46.94,49.32,53.4,51.02,47.62,0.03346958694210311,-2.037648710715645,-11.645347029777565,0.6799999999999997,2.911443358251869,2.613500992720053
Dev AcceleratorIPO,2025,2025-09-17,5.0,143.35,5.33,16.08,63.97,63.97,20.3,87.97,164.5,63.97,16.39,16.39,18.03,18.03,13.11,1.4301388293804118,2.8376496571435483,-3.3788461648493917,-3.280000000000001,2.9613259668508287,0.12332928311057109
Dr. Agarwal's HealthIPO,2025,2025-02-04,-0.5,3027.26,0.07,0.42,1.55,1.55,4.64,0.39,0.41,1.55,8.21,4.48,2.99,1.24,0.75,2.4873613635480574,0.5216791122986342,-9.447647528899283,-7.460000000000001,2.4705882352941173,9.098039215686274
Ellenbarrie IndustrialIPO,2025,2025-07-01,33.65,852.53,0.08,0.31,22.19,22.19,64.23,15.21,2.14,22.19,2.75,2.75,2.0,3.0,4.5,1.9862763457626276,3.1962732367165403,-2.5718977496609896,1.75,1.7222222222222223,28.674107142857142
Emmvee PhotovoltaicIPO,2025,2025-11-18,1.11,2900.0,0.09,0.17,0.97,0.97,1.26,0.3,1.1,0.97,9.22,9.22,9.22,3.23,1.84,0.8371294748579006,2.3160259916164883,-1.1672238952855185,-7.380000000000001,0.8947368421052632,1.0499999999999998
Epack Prefab Technologies Ltd.,2025,2025-10-01,-6.54,504.0,0.3,0.69,3.07,3.07,5.1,3.68,1.69,3.07,9.8,7.35,9.8,8.82,7.84,-0.8803962182073688,0.8578662784441082,-5.262997286013715,-1.9600000000000009,1.7249999999999999,2.849162011173184
Euro Pratik SalesIPO,2025,2025-09-23,0.49,451.31,0.43,0.7,1.34,1.34,1.05,1.92,1.23,1.34,4.05,4.05,4.05,4.05,4.05,-0.27576260643207284,0.3418547864653343,-3.9920201555917023,0.0,1.320754716981132,0.7894736842105263
Excelsoft TechnologiesIPO,2025,2025-11-26,4.97,500.0,1.45,6.89,43.19,43.19,47.55,101.69,15.62,43.19,16.67,14.17,14.17,14.17,12.5,0.5859288786361327,1.5900275827045007,-0.041005414621964054,-4.170000000000002,4.44516129032258,3.0248091603053435
Fabtech TechnologiesIPO,2025,2025-10-07,-4.5,230.35,0.7,1.0,2.03,2.03,2.02,1.97,2.08,2.03,17.28,17.28,17.28,1.57,1.05,1.9216639807752234,1.5120702829673816,-4.225464934648815,-16.23,1.25,0.9266055045871558
Fujiyama Power SystemsIPO,2025,2025-11-20,-8.58,828.0,0.09,0.4,2.14,2.14,5.15,0.88,1.0,2.14,0.0,0.0,0.0,0.0,0.0,1.2094678534650516,1.8759347098485701,-0.09116552646183385,0.0,2.1052631578947367,4.681818181818182
Ganesh Consumer Products Ltd.,2025,2025-09-29,-8.6,408.8,0.12,0.41,2.67,2.67,4.18,4.34,1.15,2.67,4.66,4.66,4.66,3.73,3.11,-2.2515757459125707,0.5469186846197571,-6.031228960884638,-1.5500000000000003,1.8636363636363635,3.344
Gem AromaticsIPO,2025,2025-08-26,-1.83,451.25,1.03,2.9,30.27,30.27,55.28,45.06,10.31,30.27,10.77,10.77,8.92,8.92,8.92,-1.0752322297458372,-1.3967305213848813,-5.736943589900079,-1.8499999999999996,2.5663716814159288,5.310278578290106
GK EnergyIPO,2025,2025-09-26,9.63,464.26,2.57,6.41,89.62,89.62,186.29,122.72,20.79,89.62,30.07,30.07,23.53,17.65,13.73,-2.6546715863079107,-0.232073017009915,-5.955702708836752,-16.34,2.4007490636704123,8.917663954044997
Globe Civil ProjectsIPO,2025,2025-07-01,33.04,119.0,6.97,12.94,86.03,86.03,99.76,143.14,53.71,86.03,21.13,18.31,25.35,28.17,28.17,1.9862763457626276,3.1962732367165403,-2.5718977496609896,7.040000000000003,1.8302687411598304,1.8539304961902991
GlottisIPO,2025,2025-10-07,-35.12,307.0,0.42,0.93,2.05,2.05,1.87,2.97,1.42,2.05,15.5,15.5,11.63,13.95,11.63,1.9216639807752234,1.5120702829673816,-4.225464934648815,-3.869999999999999,1.7884615384615385,1.230263157894737
GNG ElectronicsIPO,2025,2025-07-30,40.67,460.44,8.99,26.93,146.9,146.9,266.21,226.45,45.31,146.9,29.54,31.65,42.19,42.19,42.19,-1.4466750462928224,-2.594343781902686,-5.19147621399868,12.649999999999999,2.9625962596259625,5.862365117815458
Billionbrains Garage Ventures Ltd.,2025,2025-11-12,31.33,6632.3,0.57,1.64,17.6,17.6,22.02,14.2,9.43,17.6,15.0,17.0,17.0,15.0,6.0,1.0866231861127895,2.7559586685622195,-1.2978690534996673,-9.0,2.4477611940298507,2.3105981112277023
Gujarat Kidney Super SpecialityIPO,2025,2025-12-30,-7.42,250.8,2.72,5.21,6.14,6.14,5.73,19.03,1.54,6.14,8.77,8.77,8.77,4.39,4.39,-0.892352248934003,-1.0554804305078491,-1.0573675286704165,-4.38,1.8475177304964536,3.4939024390243905
HDB Financial ServicesIPO,2025,2025-07-02,13.64,12500.0,0.35,1.11,16.69,16.69,55.47,9.99,1.41,16.69,6.76,9.46,10.14,10.14,7.43,0.8265084819615964,2.980992531335236,-2.9090957638545745,0.6699999999999999,2.4666666666666672,36.735099337748345
Hexaware TechnologiesIPO,2025,2025-02-19,7.7,8750.0,0.03,0.15,2.66,2.66,9.09,0.2,0.11,2.66,1.84,0.99,0.71,0.71,0.71,-0.4875191199921858,-0.3984859704707744,-12.523435071263588,-1.1300000000000001,1.1538461538461537,43.28571428571428
Highway InfrastructureIPO,2025,2025-08-12,72.5,130.0,27.04,72.92,300.57,300.57,420.57,447.29,155.51,300.57,42.86,57.14,57.14,57.14,54.29,-0.6578213395376342,-2.6340117336683844,-6.5938613940696555,11.43,2.6868091378039796,2.702718334297282
ICICI Prudential Asset Management Co.Ltd.,2025,2025-12-19,19.44,10602.65,0.72,2.11,39.17,39.17,123.87,22.04,2.53,39.17,5.31,5.31,7.48,10.85,13.86,-0.30924925951022475,-0.3310603719775096,-0.952279233522968,8.55,2.573170731707317,47.09885931558936
IndiQube SpacesIPO,2025,2025-07-30,-8.03,700.0,0.87,2.54,12.33,12.33,14.35,8.24,12.55,12.33,16.88,16.88,10.55,7.59,4.22,-1.4466750462928224,-2.594343781902686,-5.19147621399868,-12.66,2.618556701030928,1.134387351778656
Indo Farm EquipmentIPO,2025,2025-01-07,27.3,260.15,17.71,54.55,227.51,227.51,242.4,501.63,101.52,227.51,35.81,36.28,37.21,38.6,40.47,0.2668662877250094,-4.049230221301259,-9.567230761308432,4.659999999999997,3.062886019090398,2.3853572131470187
Indogulf CropsciencesIPO,2025,2025-07-03,-0.59,200.0,0.39,0.94,25.98,25.98,33.26,48.39,14.77,25.98,9.01,10.81,10.81,9.01,7.21,-0.5624486281263441,3.5155342772741127,-3.0925711539305123,-1.7999999999999998,1.9183673469387754,2.2367182246133153
iValue InfosolutionsIPO,2025,2025-09-25,-5.74,560.29,0.28,0.89,1.82,1.82,3.18,1.26,1.28,1.82,7.02,7.02,6.02,6.02,2.01,-2.0954939505026804,-0.3079973165383443,-5.0549186471646195,-5.01,2.3421052631578947,2.3043478260869565
Jain Resource RecyclingIPO,2025,2025-10-01,37.09,1250.0,0.73,1.24,15.9,15.9,25.29,5.3,3.62,15.9,6.9,8.62,12.93,9.05,7.76,-0.8803962182073688,0.8578662784441082,-5.262997286013715,0.8599999999999994,1.493975903614458,6.798387096774193
Jaro Institute of Technology Management & Research Ltd.,2025,2025-09-30,-16.38,450.0,0.87,1.95,22.06,22.06,35.35,35.48,8.71,22.06,11.69,11.69,13.48,14.61,12.36,-2.2185581755696404,0.7542929194718218,-6.122013041629081,0.6699999999999999,2.0103092783505154,4.012485811577752
Jinkushal IndustriesIPO,2025,2025-10-03,0.55,116.11,2.29,5.11,65.1,65.1,35.66,146.39,47.1,65.1,19.01,19.01,14.88,16.53,17.36,0.013659637979412942,1.2801266090579189,-5.041949492772558,-1.6500000000000021,2.1380753138075312,0.755508474576271
JSW CementIPO,2025,2025-08-14,-0.63,3600.0,0.29,0.56,7.77,7.77,15.8,10.97,1.81,7.77,13.61,6.8,4.08,2.72,4.08,0.1429085446299494,-2.2404527738750124,-6.044961006711535,-9.53,1.435897435897436,8.272251308900524
KalpataruIPO,2025,2025-07-01,4.58,1590.0,0.09,0.35,2.26,2.26,3.12,1.31,1.29,2.26,2.17,2.17,1.69,2.42,1.21,1.9862763457626276,3.1962732367165403,-2.5718977496609896,-0.96,1.8421052631578947,2.2446043165467624
KSH InternationalIPO,2025,2025-12-23,-7.55,626.35,0.15,0.26,0.83,0.83,1.06,0.42,0.86,0.83,1.82,1.82,1.82,1.82,1.82,1.226020007656592,0.4181347736605723,-0.14838238407387516,0.0,1.04,1.1041666666666667
Laxmi DentalIPO,2025,2025-01-20,28.63,698.06,5.3,16.03,113.97,113.97,110.38,147.51,74.41,113.97,38.55,38.55,38.55,32.71,32.71,1.1210281578189374,-3.5295065674608495,-10.95245088409581,-5.839999999999996,2.9685185185185192,1.4814118910213396
Laxmi India FinanceIPO,2025,2025-08-05,-15.12,254.26,0.37,0.88,1.85,1.85,1.3,1.83,2.19,1.85,0.0,0.0,0.0,0.0,0.0,-0.691145839628382,-3.18703114567378,-5.975347163283562,0.0,1.872340425531915,0.5676855895196506
Lenskart SolutionsIPO,2025,2025-11-10,0.27,7278.02,1.13,2.02,28.26,28.26,40.35,18.23,7.53,28.26,18.66,16.92,15.42,23.63,14.93,-0.5744087768883577,1.8561591186978088,-2.4477371686428717,-3.7300000000000004,1.6422764227642277,5.288335517693316
LG Electronics IndiaIPO,2025,2025-10-14,48.24,11607.01,1.04,3.32,54.02,54.02,166.51,22.44,3.54,54.02,14.74,21.93,27.63,26.32,26.32,0.14815817876956405,0.5598768270980381,-4.0835671277709595,11.58,2.9122807017543857,45.74450549450549
M&B EngineeringIPO,2025,2025-08-06,5.26,650.0,0.66,2.94,36.2,36.2,36.72,38.24,32.53,36.2,10.65,9.61,10.91,16.36,14.29,-1.1299514585567105,-3.484111180497451,-6.262766511354679,3.639999999999999,3.8684210526315788,1.125344774747165
Mangal Electrical Industries Ltd.,2025,2025-08-28,-4.57,400.0,0.54,1.98,9.46,9.46,10.54,18.79,4.84,9.46,3.57,3.57,4.46,5.17,5.88,-2.194163401601956,-1.3532230140516077,-6.542366222218821,2.31,3.09375,2.133603238866397
MeeshoIPO,2025,2025-12-10,53.23,5421.2,2.35,7.97,79.02,79.02,120.18,38.15,19.04,79.02,37.84,37.84,42.34,40.54,37.84,-0.8773955206649697,0.718102317360958,-1.74721210861285,0.0,3.2530612244897954,6.278996865203762
MidwestIPO,2025,2025-10-24,7.09,451.0,1.84,11.73,87.86,87.86,139.87,168.05,24.21,87.86,1.88,1.88,11.27,16.43,14.08,0.8201975353034907,2.3521616039774207,-1.6055050245937008,12.2,6.046391752577319,5.753599341834636
Nephrocare Health Services Ltd.,2025,2025-12-17,2.45,871.05,0.12,0.36,13.96,13.96,27.47,24.27,2.31,13.96,5.43,5.43,5.43,5.43,5.43,0.23507259880424236,-0.749227803309449,-1.5162467267189395,0.0,1.6363636363636362,11.398340248962654
National Securities Depository Ltd.,2025,2025-08-06,17.0,4011.6,1.78,5.03,41.0,41.0,103.97,34.98,7.73,41.0,16.88,16.88,16.0,16.62,16.62,-1.1299514585567105,-3.484111180497451,-6.262766511354679,-0.259999999999998,2.675531914893617,13.278416347381864
Om Freight ForwardersIPO,2025,2025-10-08,-36.61,122.32,2.77,4.45,7.7,7.7,3.97,7.39,2.75,7.7,7.41,7.41,7.41,1.48,5.19,1.7676983149879755,1.2333777939452784,-4.462533448021333,-2.2199999999999998,1.5505226480836236,1.392982456140351
Orkla IndiaIPO,2025,2025-11-06,-2.24,1667.54,0.79,2.7,48.73,48.73,117.63,54.42,7.05,48.73,15.75,12.74,10.68,13.01,9.73,-2.0887467903077828,2.4722576498589,-2.694341824950741,-6.02,3.0337078651685396,16.451748251748253
Oswal PumpsIPO,2025,2025-06-20,1.85,1387.34,0.42,1.65,34.42,34.42,88.08,36.7,3.6,34.42,10.91,12.21,12.21,10.59,8.31,1.5931322971365791,1.2047901440549458,-4.209825660234845,-2.5999999999999996,3.173076923076923,23.805405405405402
Pace DigitekIPO,2025,2025-10-06,-0.46,819.15,0.16,0.38,1.59,1.59,1.6,2.9,1.03,1.59,9.13,10.5,9.13,12.33,6.85,1.7154944087739876,1.4671222595139533,-4.342378047036066,-2.280000000000001,1.4615384615384615,1.415929203539823
Park Medi WorldIPO,2025,2025-12-17,-8.67,920.0,0.52,0.98,8.1,8.1,11.48,15.15,3.16,8.1,18.52,18.52,15.43,11.11,9.26,0.23507259880424236,-0.749227803309449,-1.5162467267189395,-9.26,1.5806451612903225,3.521472392638037
Patel RetailIPO,2025,2025-08-26,12.82,242.76,6.39,19.5,95.7,95.7,272.43,108.17,42.49,95.7,14.12,14.12,17.65,18.82,18.82,-1.0752322297458372,-1.3967305213848813,-5.736943589900079,4.700000000000001,3.00462249614792,6.396571965250058
PhysicswallahIPO,2025,2025-11-18,42.42,3480.0,0.08,0.13,1.81,1.81,2.7,0.48,1.06,1.81,5.5,3.67,3.67,1.83,1.83,0.8371294748579006,2.3160259916164883,-1.1672238952855185,-3.67,0.7222222222222223,2.3275862068965516
Pine LabsIPO,2025,2025-11-14,14.03,3899.91,0.13,0.56,2.46,2.46,4.0,0.3,1.22,2.46,11.31,9.05,3.17,2.26,1.81,1.6387301263518728,2.7061899089678487,-1.1672238952855185,-9.5,2.4347826086956523,3.0303030303030303
Prostarm Info SystemsIPO,2025,2025-06-03,20.0,168.0,3.55,12.36,97.19,97.19,104.49,222.13,39.48,97.19,22.86,22.86,22.86,22.86,20.95,-1.142744358782255,0.8042157664077676,-6.383684803774781,-1.9100000000000001,3.3863013698630136,2.6399696816574028
Quadrant Future TekIPO,2025,2025-01-14,53.1,290.0,15.86,48.99,185.8,185.8,132.54,254.16,243.03,185.8,56.9,56.9,65.52,65.52,68.97,-2.2433450453224535,-5.591538452138001,-11.595949809372508,12.07,3.0695488721804516,0.5451404598363015
Quality Power Electrical Equipments Ltd.,2025,2025-02-24,-8.73,858.7,0.62,0.83,1.29,1.29,1.03,1.45,1.82,1.29,7.53,7.76,6.59,4.71,1.65,-1.7689845162133344,-2.333471908263407,-13.971212291706802,-5.880000000000001,1.1527777777777777,0.5364583333333333
Regaal ResourcesIPO,2025,2025-08-20,29.0,306.0,5.94,26.4,159.86,159.86,190.97,356.71,57.72,159.86,22.55,22.55,24.51,26.47,31.37,2.299754159281897,0.32901587606735117,-4.445749836455148,8.82,4.370860927152318,3.302836388792805
Rubicon ResearchIPO,2025,2025-10-16,29.53,1377.5,0.51,2.37,103.89,103.89,130.26,97.61,35.47,103.89,15.88,16.08,17.53,21.65,20.21,1.6023477273268805,2.0587015142086607,-2.405968862586083,4.33,3.8852459016393444,3.6620747821197637
Saatvik Green EnergyIPO,2025,2025-09-26,-5.23,900.0,0.59,1.09,6.57,6.57,10.84,10.04,2.66,6.57,16.13,16.13,13.98,7.1,2.15,-2.6546715863079107,-0.232073017009915,-5.955702708836752,-13.979999999999999,1.5797101449275364,3.9275362318840576
Sambhv Steel TubesIPO,2025,2025-07-02,19.01,540.0,0.43,1.76,28.46,28.46,62.32,31.82,7.98,28.46,9.76,9.76,9.76,9.76,13.41,0.8265084819615964,2.980992531335236,-2.9090957638545745,3.6500000000000004,3.320754716981132,7.712871287128713
Schloss BangaloreIPO,2025,2025-06-02,0.13,3500.0,0.06,0.17,4.5,4.5,7.46,1.02,0.83,4.5,4.6,4.6,4.14,3.45,1.15,-1.1381476452083317,1.5714508798316595,-5.719587809757765,-3.4499999999999997,1.0625,8.021505376344086
Scoda TubesIPO,2025,2025-06-04,5.0,220.0,2.06,8.11,53.78,53.78,69.51,113.02,19.39,53.78,10.71,15.0,15.0,15.0,15.71,-0.5342905449763569,0.6502147282527515,-6.087301481344443,5.0,3.7546296296296293,3.5664443304258593
Seshaasai TechnologiesIPO,2025,2025-09-30,-2.73,813.07,0.99,3.09,68.13,68.13,189.63,49.89,9.17,68.13,25.3,26.48,21.28,18.91,13.0,-2.2185581755696404,0.7542929194718218,-6.122013041629081,-12.3,2.8348623853211006,20.45631067961165
Shanti Gold International Ltd.,2025,2025-08-01,15.27,360.11,1.16,4.93,80.8,80.8,117.33,151.18,29.77,80.8,18.09,18.09,18.09,18.09,18.59,-1.0937311269477057,-3.4889248587615107,-6.296524457345787,0.5,3.9126984126984126,3.9280214261801136
Shreeji Shipping Global Ltd.,2025,2025-08-26,1.23,410.71,2.13,6.6,58.1,58.1,110.41,72.7,21.94,58.1,10.71,10.71,11.51,11.51,14.29,-1.0752322297458372,-1.3967305213848813,-5.736943589900079,3.5799999999999983,2.959641255605381,5.009528130671505
Shringar House of MangalsutraIPO,2025,2025-09-17,12.05,400.95,2.01,8.24,60.27,60.27,101.41,82.58,27.18,60.27,15.15,15.15,18.18,18.18,18.18,1.4301388293804118,2.8376496571435483,-3.3788461648493917,3.0299999999999994,3.9052132701421804,3.717375366568915
Smartworks CoworkingIPO,2025,2025-07-17,9.35,582.56,0.5,1.15,13.45,13.45,24.41,22.78,3.53,13.45,6.63,6.63,7.37,8.11,6.14,-0.9615365654055852,1.038288523904174,-4.213449394550284,-0.4900000000000002,1.9166666666666665,6.7245179063360885
Solarworld Energy Solutions Ltd.,2025,2025-09-30,-7.91,490.0,1.23,4.0,65.01,65.01,70.43,64.73,49.15,65.01,9.4,17.95,18.52,18.52,16.52,-2.2185581755696404,0.7542929194718218,-6.122013041629081,7.119999999999999,3.007518796992481,1.43005076142132
Sri Lotus Developers & Realty Ltd.,2025,2025-08-06,30.45,792.0,3.6,10.34,69.13,69.13,163.9,57.71,20.27,69.13,29.33,29.33,28.0,28.0,26.67,-1.1299514585567105,-3.484111180497451,-6.262766511354679,-2.6599999999999966,2.7945945945945945,8.046146293568974
Stallion India FluorochemicalsIPO,2025,2025-01-23,40.0,199.45,7.08,32.12,188.38,188.38,172.93,422.42,96.9,188.38,22.22,22.22,50.0,50.0,44.44,-0.4566356952273143,-2.3074542855879954,-11.484186214170332,22.22,4.4735376044568245,1.7827835051546392
Standard Glass Lining Technology Ltd.,2025,2025-01-13,16.63,410.05,13.32,34.85,182.44,182.44,331.6,267.94,63.77,182.44,60.71,60.71,64.29,67.86,67.86,-2.244659881732969,-6.313865058559031,-11.939632400762124,7.149999999999999,2.5968703427719824,5.191795835290434
Studds AccessoriesIPO,2025,2025-11-07,-4.22,455.49,1.54,5.08,73.25,73.25,159.99,76.99,22.09,73.25,10.26,10.26,9.74,11.11,11.45,-1.4898842059908324,1.6534643397607018,-2.7607133797807104,1.1899999999999995,3.0975609756097557,7.210004506534475
Sudeep PharmaIPO,2025,2025-11-28,30.55,895.0,1.42,5.09,93.71,93.71,213.08,116.72,15.65,93.71,15.18,21.92,18.55,18.55,14.33,0.5171061237563723,1.0284852831178082,-0.049969388981174756,-0.8499999999999996,3.3486842105263155,13.52888888888889
Tata CapitalIPO,2025,2025-10-13,1.38,15511.87,0.39,0.75,1.95,1.95,3.42,1.98,1.1,1.95,5.21,5.21,2.45,3.68,2.45,0.5969458860778376,1.01809547072651,-3.7713538080679565,-2.76,1.530612244897959,2.8499999999999996
Tenneco Clean Air IndiaIPO,2025,2025-11-19,23.63,3600.0,0.42,2.93,58.83,58.83,166.42,40.74,5.11,58.83,16.37,14.61,14.61,21.41,18.89,0.6834571298278691,1.826634825466189,-0.6232823022537692,2.5199999999999996,5.634615384615385,31.942418426103643
Travel Food ServicesIPO,2025,2025-07-14,-2.29,2000.0,0.1,0.25,2.88,2.88,7.7,1.58,0.69,2.88,7.73,7.73,4.09,1.82,1.09,-1.4885335784111553,0.7798876576047942,-4.32464082117634,-6.640000000000001,1.25,9.746835443037975
TruAlt BioenergyIPO,2025,2025-10-03,7.05,839.28,0.44,0.81,71.92,71.92,159.22,98.56,11.0,71.92,11.09,12.1,15.52,15.52,17.74,0.013659637979412942,1.2801266090579189,-5.041949492772558,6.649999999999999,1.5,14.344144144144144
Unimech Aerospace & Manufacturing Ltd.,2025,2024-12-31,75.32,500.0,3.82,9.09,174.71,174.71,317.63,263.11,55.84,174.71,50.96,50.96,57.32,63.69,77.07,-0.4574072397904416,-1.126320609346354,-9.8079230089964,26.109999999999992,2.318877551020408,5.6780479084733635
Urban Co.Ltd.,2025,2025-09-17,61.97,1900.0,3.13,9.0,103.63,103.63,140.2,74.04,39.25,103.63,26.21,33.98,33.98,38.83,41.75,1.4301388293804118,2.8376496571435483,-3.3788461648493917,15.54,2.7863777089783284,3.5628970775095294
Ventive HospitalityIPO,2025,2024-12-30,9.54,1600.0,0.71,1.28,9.8,9.8,9.08,13.85,5.87,9.8,8.55,8.55,8.55,7.78,7.0,0.24334923158453314,-2.5952733069961154,-9.807541563278976,-1.5500000000000007,1.580246913580247,1.5209380234505863
Vidya WiresIPO,2025,2025-12-10,2.25,300.01,2.89,8.26,26.59,26.59,5.12,51.98,27.86,26.59,21.15,21.15,13.46,13.46,13.46,-0.8773955206649697,0.718102317360958,-1.74721210861285,-7.689999999999998,2.762541806020067,0.18311874105865522
Vikram SolarIPO,2025,2025-08-26,7.35,2079.37,1.52,4.57,54.63,54.63,142.79,50.9,7.65,54.63,17.47,17.47,17.17,13.55,13.55,-1.0752322297458372,-1.3967305213848813,-5.736943589900079,-3.919999999999998,2.8209876543209877,18.424516129032256
Vikran EngineeringIPO,2025,2025-09-03,-1.33,772.0,2.38,5.24,23.59,23.59,19.45,58.58,10.97,23.59,20.62,18.56,22.68,15.46,11.34,0.012139826521884167,-0.2151939874880604,-5.725500218377677,-9.280000000000001,2.1129032258064515,1.7570009033423666
VMS TMTIPO,2025,2025-09-24,0.66,148.5,8.4,21.75,102.26,102.26,120.8,227.09,47.88,102.26,20.2,24.24,24.24,24.24,19.19,-1.0791445011399392,0.751102729783959,-4.42152803339938,-1.009999999999998,2.5588235294117645,2.5177157148812004
Wakefit InnovationsIPO,2025,2025-12-15,-1.39,1288.89,0.15,0.39,2.52,2.52,3.04,1.05,3.17,2.52,18.46,18.46,18.46,2.56,1.54,0.25712090075133975,0.5724685702582777,-0.7199787916181144,-16.92,1.56,0.9296636085626911
WeWork India ManagementIPO,2025,2025-10-10,-2.99,3000.0,0.04,0.13,1.15,1.15,1.79,0.23,0.61,1.15,2.31,2.31,2.31,0.93,0.93,1.5710455225604214,1.6758080470955283,-3.5501152919680923,-1.38,0.9285714285714285,2.5211267605633805
Aeroplane Basmati RiceIPO,2026,2026-04-02,-15.09,440.0,1.19,1.47,3.23,3.23,1.11,12.7,1.36,3.23,2.36,1.42,0.94,1.42,1.42,-0.869834674673986,-10.916967197522808,-13.732051328310902,-0.94,1.1395348837209303,0.7602739726027397
Amagi Media LabsIPO,2026,2026-01-21,-3.52,1788.62,0.06,0.13,30.22,30.22,33.77,37.36,9.31,30.22,2.77,4.99,6.65,7.2,2.77,-2.2337684544327496,-2.5490450523037445,-4.447833245659172,0.0,0.8125,3.5887353878852286
Aye FinanceIPO,2026,2026-02-16,-0.07,1010.0,0.12,0.16,0.97,0.97,1.5,0.05,0.77,0.97,155.04,155.04,155.04,1.55,3.88,-0.7134490263769333,0.06682095879309013,-2.452850612737878,-151.16,0.7272727272727273,1.7241379310344829
Bharat Coking CoalIPO,2026,2026-01-19,76.43,1071.11,8.09,33.67,146.79,146.79,310.81,258.02,49.24,146.79,60.87,56.52,56.52,52.17,60.87,-0.3807921879197762,-1.0618675101797703,-2.8222215047923216,0.0,4.111111111111112,6.29935143899473
Central Mine Planning & Design Institute Ltd.,2026,2026-03-30,-10.43,1842.12,0.07,0.25,0.96,0.96,3.08,0.35,0.33,0.96,4.65,5.23,5.23,3.49,4.65,-3.3879166756797585,-12.166342506189853,-15.181808341135373,0.0,1.4705882352941175,7.162790697674418
Clean Max Enviro Energy Solutions Ltd.,2026,2026-03-02,-17.62,3100.0,0.34,0.45,0.94,0.94,2.83,0.54,0.06,0.94,-1.9,-1.9,-1.42,-0.47,0.38,-3.295220316571379,-1.7967548226447638,-5.556135829736153,2.28,1.0227272727272727,17.6875
Fractal AnalyticsIPO,2026,2026-02-16,-5.87,2833.9,0.09,0.2,2.66,2.66,4.18,1.06,1.03,2.66,-3.33,-3.33,0.22,0.78,1.11,-0.7134490263769333,0.06682095879309013,-2.452850612737878,4.44,1.0526315789473684,3.699115044247787
Gaudium IVF & Women Health Ltd.,2026,2026-02-27,1.59,165.0,0.88,3.0,7.27,7.27,1.62,14.05,7.6,7.27,-2.53,3.8,6.33,10.13,15.19,-1.535317984064133,-0.9451628512642141,-4.367502198184092,17.72,3.061224489795918,0.21038961038961043
GSP Crop ScienceIPO,2026,2026-03-24,11.33,400.0,0.47,0.96,1.61,1.61,2.66,3.05,0.4,1.61,0.0,0.0,0.0,0.0,0.0,-2.8359515969322957,-9.986308823442736,-12.975078384491356,0.0,1.6842105263157896,5.32
InnovisionIPO,2026,2026-03-23,-27.9,319.25,0.12,0.32,3.47,3.47,14.35,8.62,0.6,3.47,-18.3,-4.82,-4.82,-4.82,-4.82,-3.8282611667406985,-12.807061370638673,-14.493392154144447,13.48,1.4545454545454546,20.5
KisshtIPO,2026,2026-05-08,22.03,925.92,0.24,0.43,9.49,9.49,24.87,6.57,2.02,9.49,4.68,3.51,3.51,2.92,14.62,0.7442426414363323,5.258998835348794,-8.175155866920125,9.94,1.2647058823529413,11.731132075471699
Om Power TransmissionIPO,2026,2026-04-17,10.5,150.06,0.39,0.71,3.33,3.33,3.65,7.06,1.54,3.33,1.14,1.14,1.14,1.14,1.71,2.4330076424494473,3.0221052787430924,-7.501362589280458,0.5700000000000001,1.4489795918367347,2.225609756097561
Omnitech EngineeringIPO,2026,2026-03-05,-9.72,583.0,0.16,0.26,2.28,2.28,2.86,0.73,0.33,2.28,-4.41,1.76,1.76,2.2,2.2,-2.812125968802115,-1.285454632419769,-5.935192025386882,6.61,1.0,6.651162790697674
PNGS Reva Diamond Jewellery Ltd.,2026,2026-03-04,6.66,380.0,0.59,0.83,1.23,1.23,1.04,1.54,1.29,1.23,-0.52,-0.52,-0.52,-1.3,2.07,-3.713522113382095,-1.3895014994692922,-7.01918639651633,2.59,1.2028985507246377,0.7482014388489209
PowericaIPO,2026,2026-04-02,-1.27,1100.0,0.01,0.03,1.45,1.45,4.5,0.44,0.15,1.45,2.28,1.01,1.01,1.27,0.76,-0.869834674673986,-10.916967197522808,-13.732051328310902,-1.5199999999999998,0.2727272727272727,18.0
Rajputana StainlessIPO,2026,2026-03-19,-7.35,254.98,0.3,0.42,1.12,1.12,2.51,2.59,0.27,1.12,0.82,0.82,0.82,0.82,0.82,-2.694682338408949,-10.43735581275369,-12.634193679484806,0.0,1.0499999999999998,6.783783783783783
Sai ParenteralsIPO,2026,2026-04-02,3.49,408.79,0.04,0.41,1.05,1.05,1.71,2.36,0.12,1.05,0.0,0.0,0.0,0.0,0.0,-0.869834674673986,-10.916967197522808,-13.732051328310902,0.0,2.928571428571428,7.7727272727272725
SEDEMAC MechatronicsIPO,2026,2026-03-11,7.33,1087.45,0.27,0.46,2.68,2.68,8.46,0.77,0.2,2.68,4.81,-0.74,-1.48,0.74,2.59,-2.5066889973652584,-7.110108703690021,-9.34992622077555,-2.2199999999999998,1.2432432432432432,28.2
Shadowfax TechnologiesIPO,2026,2026-01-28,-11.31,1907.27,0.47,0.6,2.72,2.72,3.81,0.84,2.31,2.72,-4.84,-4.84,-4.84,-4.84,-4.84,0.4369364906370743,-3.057711507491745,-3.744224425576037,0.0,1.0526315789473684,1.5809128630705394
Shree Ram TwistexIPO,2026,2026-03-02,-31.35,110.24,0.11,0.75,43.66,43.66,3.94,220.3,76.63,43.66,-17.31,-9.62,-9.62,4.81,4.81,-3.295220316571379,-1.7967548226447638,-5.556135829736153,22.119999999999997,3.571428571428571,0.05134888570311483
